Lab,count_pos,count_neg,accuracy_svmLinear,accuracy_svmPoly,accuracy_RRF,accuracy_ada,accuracy_DT,accuracy_knn,accuracy_naive_bayes
Celma,47,74,0.7024793388429752,0.7520661157024794,0.71900826446281,0.71900826446281,0.628099173553719,0.7107438016528925,0.7107438016528925
Corey,390,18,0.7401960784313726,0.7696078431372549,0.7303921568627451,0.7671568627450981,0.8529411764705882,0.7647058823529411,0.9019607843137255
Picache,355,48,0.6898263027295285,0.7245657568238213,0.6799007444168734,0.684863523573201,0.7866004962779156,0.71712158808933,0.794044665012407
SU,11,19,0.5333333333333333,0.4666666666666667,0.4666666666666667,0.43333333333333335,0.4,0.36666666666666664,0.3
UT,24,93,0.8034188034188035,0.7777777777777778,0.8034188034188035,0.7521367521367521,0.6837606837606838,0.8034188034188035,0.5299145299145299
NA,827,252,0.7182576459684893,0.7432808155699722,0.7108433734939759,0.7201112140871178,0.7720111214087118,0.7340129749768304,0.7831325301204819
