Lab,count_pos,count_neg,F1_svmLinear,F1_svmPoly,F1_RRF,F1_ada,F1_DT,F1_knn,F1_naive_bayes
Celma,74,47,0.6470588235294118,0.7115384615384615,0.6851851851851852,0.679245283018868,0.6153846153846153,0.6464646464646464,0.6236559139784946
Corey,18,390,0.846376811594203,0.8653295128939827,0.8387096774193548,0.8625180897250362,0.9195710455764075,0.8620689655172413,0.9476439790575916
Picache,48,355,0.7947454844006567,0.8224,0.7867768595041322,0.7921440261865793,0.8704819277108433,0.8143322475570033,0.8755622188905547
SU,19,11,0.5625,0.4666666666666667,0.42857142857142855,0.45161290322580644,0.43749999999999994,0.2962962962962963,0.4
UT,93,24,0.6101694915254237,0.5357142857142857,0.5660377358490567,0.5245901639344263,0.43076923076923085,0.5818181818181819,0.3373493975903614
NA,252,827,0.7962466487935657,0.8169200264375412,0.7886178861788619,0.7986666666666666,0.8485221674876847,0.8075117370892018,0.8574908647990256
