Lab,count_pos,count_neg,Matthews_svmLinear,Matthews_svmPoly,Matthews_RRF,Matthews_ada,Matthews_DT,Matthews_knn,Matthews_naive_bayes
Celma,74,47,0.39626394009119675,0.5047745888725598,0.4512534595930159,0.44380713033986136,0.30252293684094556,0.40423806040112625,0.3888599888222212
Corey,18,390,0.14163160842113226,0.21055086875068535,0.18209923740267506,0.2789232605871285,0.09684425141993375,0.20672455764868078,0.19432508268938872
Picache,48,355,0.2896656069043972,0.31212679624999073,0.28061123956701,0.26245019011296083,0.30439603261996306,0.34927173134143824,0.31442871165096414
SU,19,11,0.196227812235748,0.004784688995215311,-0.032570825073951766,-0.048911598804451846,-0.10566112966540278,-0.2588158533262875,-0.3112715087397336
UT,93,24,0.5002022744722471,0.4005766271894485,0.44371951533828397,0.3828266365510737,0.2479887209755439,0.4624150197182206,0.08032780073062665
NA,252,827,0.37978599911581695,0.41977031433731377,0.3783964628487927,0.3761065381662857,0.38956744003252664,0.4190852246038707,0.40429258578048455
