Lab,count_pos,count_neg,precision_svmLinear,precision_svmPoly,precision_RRF,precision_ada,precision_DT,precision_knn,precision_naive_bayes
Celma,74,47,0.6,0.6491228070175439,0.6065573770491803,0.6101694915254238,0.5142857142857142,0.6153846153846154,0.6304347826086957
Corey,18,390,0.9733333333333334,0.9805194805194806,0.9794520547945206,0.9900332225913622,0.9634831460674157,0.9803921568627451,0.9679144385026738
Picache,48,355,0.952755905511811,0.9518518518518518,0.952,0.9453125,0.9352750809061489,0.9652509652509652,0.9358974358974359
SU,19,11,0.42857142857142855,0.3684210526315789,0.35294117647058826,0.35,0.3333333333333333,0.25,0.2916666666666667
UT,93,24,0.5142857142857142,0.46875,0.5172413793103449,0.43243243243243246,0.34146341463414637,0.5161290322580645,0.23728813559322035
NA,252,827,0.8932330827067669,0.9008746355685131,0.8967642526964561,0.8900445765230312,0.8644918444165621,0.9066265060240963,0.8638036809815951
