Lab,count_pos,count_neg,recall_svmLinear,recall_svmPoly,recall_RRF,recall_ada,recall_DT,recall_knn,recall_naive_bayes
Celma,74,47,0.7021276595744681,0.7872340425531915,0.7872340425531915,0.7659574468085106,0.7659574468085106,0.6808510638297872,0.6170212765957447
Corey,18,390,0.7487179487179487,0.7743589743589744,0.7333333333333333,0.764102564102564,0.8794871794871795,0.7692307692307693,0.9282051282051282
Picache,48,355,0.6816901408450704,0.723943661971831,0.6704225352112676,0.6816901408450704,0.8140845070422535,0.704225352112676,0.8225352112676056
SU,19,11,0.8181818181818182,0.6363636363636364,0.5454545454545454,0.6363636363636364,0.6363636363636364,0.36363636363636365,0.6363636363636364
UT,93,24,0.75,0.625,0.625,0.6666666666666666,0.5833333333333334,0.6666666666666666,0.5833333333333334
NA,252,827,0.7182587666263603,0.747279322853688,0.7037484885126964,0.7243047158403869,0.8331318016928658,0.727932285368803,0.8512696493349455
